[

    {
        "id":1,
        "name": "nitheesh",
        "email": "kalluri.n@gmail.com",
        "phone": "9603460049"
      },
      {
        "id":2,
        "name": "reddy",
        "email": "reddy.n@gmail.com",
        "phone": "8555019438"
      },
      {
        "id":3,
        "name": "raju",
        "email": "raju.n@gmail.com",
        "phone": "9603460000"
      },
      {
        "id":4,
        "name": "rani",
        "email": "rani.n@gmail.com",
        "phone": "9605660049"
      },
      {
        "id":5,
        "name": "umash",
        "email": "umash.n@gmail.com",
        "phone": "8523460049"
      },
      {
        "id":6,
        "name": "ved",
        "email": "ved.k@gmail.com",
        "phone": "9443460049"
      }
]